<keymap version="1" name="GNOME 복사" parent="Default for GNOME">
  <action id="AddToFavoritesPopup" />
  <action id="Arrangement.Rule.Match.Condition.Move.Down" />
  <action id="Arrangement.Rule.Match.Condition.Move.Up" />
  <action id="CIDR.Debugger.ShowInMemoryView" />
  <action id="ChangesView.Rename">
    <keyboard-shortcut first-keystroke="f2" />
  </action>
  <action id="ChangesView.SetDefault" />
  <action id="ChooseDebugConfiguration">
    <keyboard-shortcut first-keystroke="shift alt f9" />
    <keyboard-shortcut first-keystroke="shift f6" />
  </action>
  <action id="ChooseRunConfiguration">
    <keyboard-shortcut first-keystroke="shift alt f10" />
    <keyboard-shortcut first-keystroke="shift f5" />
  </action>
  <action id="CodeCompletion" />
  <action id="Console.Execute.Multiline" />
  <action id="Console.TableResult.EditValue">
    <keyboard-shortcut first-keystroke="f2" />
    <keyboard-shortcut first-keystroke="enter" />
  </action>
  <action id="CopyElement" />
  <action id="DatabaseView.CopyTable" />
  <action id="Debug">
    <keyboard-shortcut first-keystroke="shift f9" />
    <keyboard-shortcut first-keystroke="f6" />
  </action>
  <action id="DecreaseColumnWidth" />
  <action id="DecrementWindowHeight" />
  <action id="DirDiffMenu.SynchronizeDiff.All" />
  <action id="EditorDownWithSelection" />
  <action id="EditorNextWordWithSelection" />
  <action id="EditorPreviousWordWithSelection" />
  <action id="EditorSplitLine" />
  <action id="EditorStartNewLineBefore" />
  <action id="EditorUpWithSelection" />
  <action id="FindInPath">
    <keyboard-shortcut first-keystroke="shift ctrl f" />
    <keyboard-shortcut first-keystroke="shift alt f" />
  </action>
  <action id="Git.Rename.Local.Branch">
    <keyboard-shortcut first-keystroke="f2" />
  </action>
  <action id="Git.Reword.Commit">
    <keyboard-shortcut first-keystroke="f2" />
  </action>
  <action id="GotoDeclaration">
    <keyboard-shortcut first-keystroke="ctrl b" />
    <mouse-shortcut keystroke="control button1" />
    <keyboard-shortcut first-keystroke="alt enter" />
    <keyboard-shortcut first-keystroke="ctrl enter" />
  </action>
  <action id="GotoTest" />
  <action id="Graph.ApplyCurrentLayout" />
  <action id="IncreaseColumnWidth" />
  <action id="IncrementWindowHeight" />
  <action id="IncrementWindowWidth" />
  <action id="JumpToLastWindow" />
  <action id="MethodDown">
    <keyboard-shortcut first-keystroke="shift down" />
  </action>
  <action id="MethodUp">
    <keyboard-shortcut first-keystroke="shift up" />
  </action>
  <action id="Move" />
  <action id="MoveStatementDown" />
  <action id="MoveStatementUp" />
  <action id="MoveTabDown">
    <keyboard-shortcut first-keystroke="shift ctrl down" />
  </action>
  <action id="NextSplitter">
    <keyboard-shortcut first-keystroke="alt down" />
  </action>
  <action id="PrevSplitter">
    <keyboard-shortcut first-keystroke="alt up" />
  </action>
  <action id="QuickActionPopup" />
  <action id="RenameElement">
    <keyboard-shortcut first-keystroke="ctrl r" />
  </action>
  <action id="ReopenClosedTab">
    <keyboard-shortcut first-keystroke="shift ctrl t" />
  </action>
  <action id="ResetColumnsWidth" />
  <action id="ResizeToolWindowDown" />
  <action id="ResizeToolWindowLeft" />
  <action id="ResizeToolWindowRight" />
  <action id="ResizeToolWindowUp" />
  <action id="Run">
    <keyboard-shortcut first-keystroke="shift f10" />
    <keyboard-shortcut first-keystroke="f5" />
  </action>
  <action id="SaveAll" />
  <action id="SearchEverywhere">
    <keyboard-shortcut first-keystroke="alt f" />
  </action>
  <action id="ServiceView.ShowServices" />
  <action id="SetShortcutAction" />
  <action id="ShelvedChanges.Rename">
    <keyboard-shortcut first-keystroke="f2" />
  </action>
  <action id="ShowContent" />
  <action id="ShowIntentionActions" />
  <action id="ShowSearchHistory" />
  <action id="ToggleBookmark" />
  <action id="ToggleFullScreen">
    <keyboard-shortcut first-keystroke="f12" />
    <keyboard-shortcut first-keystroke="f11" />
  </action>
  <action id="Tree-selectPreviousExtendSelection" />
  <action id="Unsplit">
    <keyboard-shortcut first-keystroke="shift ctrl up" />
  </action>
  <action id="Vcs.ShowTabbedFileHistory">
    <keyboard-shortcut first-keystroke="alt h" />
  </action>
  <action id="ViewSource" />
  <action id="org.jetbrains.plugins.ruby.rails.console.ReloadSources" />
</keymap>