<application>
  <component name="CodeInsightSettings">
    <option name="INSERT_BRACE_ON_ENTER" value="false" />
    <option name="SMART_END_ACTION" value="false" />
    <option name="AUTOINSERT_PAIR_BRACKET" value="false" />
    <option name="AUTOINSERT_PAIR_QUOTE" value="false" />
  </component>
  <component name="DefaultFont">
    <option name="SECONDARY_FONT_FAMILY" value="Noto Sans Mono CJK KR" />
  </component>
  <component name="EditorSettings">
    <option name="USE_SOFT_WRAPS" value="PREVIEW" />
  </component>
</application>