<application>
  <component name="LineMarkerSettings">
    <option name="providers">
      <map>
        <entry key="RenderedDoc" value="false" />
        <entry key="com.intellij.execution.lineMarker.RunLineMarkerProvider" value="true" />
        <entry key="com.intellij.lang.javascript.highlighting.JSRecursiveCallLineMarkerProvider" value="false" />
        <entry key="com.intellij.sql.editor.DatabaseNotebookLineMarkerProvider" value="false" />
        <entry key="com.intellij.sql.editor.SqlLineMarkerProvider" value="false" />
        <entry key="com.intellij.sql.editor.SqlRecursiveCallLineMakerProvider" value="false" />
        <entry key="com.intellij.ui.ColorLineMarkerProvider" value="false" />
        <entry key="com.intellij.ws.http.request.codeInsight.HttpRequestDiffLineMarkerProvider" value="false" />
        <entry key="js.implemented" value="false" />
        <entry key="js.implementing" value="false" />
        <entry key="js.overridden" value="false" />
        <entry key="js.overriding" value="false" />
        <entry key="org.editorconfig.configmanagement.editor.EditorConfigPreviewMarkerProvider" value="false" />
        <entry key="org.jetbrains.plugins.ruby.cucumber.codeinsight.lineMarkers.CucumberLineMarkerProvider" value="false" />
        <entry key="org.jetbrains.plugins.ruby.factoryBot.codeInsight.daemon.RubyFactoryBotImplicitReferencesLineMarkerProvider" value="false" />
        <entry key="org.jetbrains.plugins.ruby.factoryBot.codeInsight.daemon.RubyFactoryBotPartialDeclarationsLineMarkerProvider" value="false" />
        <entry key="org.jetbrains.plugins.ruby.rails.codeInsight.actionCable.ActionCableClientLineMarkerProvider" value="false" />
        <entry key="org.jetbrains.plugins.ruby.rails.codeInsight.actionCable.ActionCableLineMarkerProvider" value="false" />
        <entry key="org.jetbrains.plugins.ruby.rails.codeInsight.daemon.RailsRubyLineMarkerProvider" value="false" />
        <entry key="org.jetbrains.plugins.ruby.rails.codeInsight.daemon.RailsViewLineMarkerProvider" value="false" />
      </map>
    </option>
  </component>
</application>