<application>
  <component name="ProjectJdkTable">
    <jdk version="2">
      <name value="ruby-2.5.5-p157" />
      <type value="RUBY_SDK" />
      <version value="ver.2.5.5p157 ( revision 67260) p157" />
      <homePath value="/bin/ruby" />
      <roots>
        <classPath>
          <root type="composite">
            <root url="file:///usr/lib/ruby/vendor_ruby/2.5.0" type="simple" />
            <root url="file:///usr/lib/x86_64-linux-gnu/ruby/vendor_ruby/2.5.0" type="simple" />
            <root url="file:///usr/lib/ruby/vendor_ruby" type="simple" />
            <root url="file:///usr/lib/ruby/2.5.0" type="simple" />
            <root url="file:///usr/lib/x86_64-linux-gnu/ruby/2.5.0" type="simple" />
            <root url="file://$APPLICATION_HOME_DIR$/plugins/ruby/rubystubs/rubystubs25" type="simple" />
          </root>
        </classPath>
        <sourcePath>
          <root type="composite">
            <root url="file:///usr/lib/ruby/vendor_ruby/2.5.0" type="simple" />
            <root url="file:///usr/lib/x86_64-linux-gnu/ruby/vendor_ruby/2.5.0" type="simple" />
            <root url="file:///usr/lib/ruby/vendor_ruby" type="simple" />
            <root url="file:///usr/lib/ruby/2.5.0" type="simple" />
            <root url="file:///usr/lib/x86_64-linux-gnu/ruby/2.5.0" type="simple" />
            <root url="file://$APPLICATION_HOME_DIR$/plugins/ruby/rubystubs/rubystubs25" type="simple" />
          </root>
        </sourcePath>
      </roots>
      <additional NORMALIZED_VERSION_STRING="ver.2.5.5p157 ( revision 67260) p157" version="1" GEMS_BIN_DIR_PATH="/usr/local/bin">
        <VERSION_MANAGER ID="system" />
        <RbConfig>
          <item key="AR" value="ar" />
          <item key="ARFLAGS" value="rcD " />
          <item key="AS" value="as" />
          <item key="ASMEXT" value="S" />
          <item key="BUILTIN_TRANSSRCS" value=" enc/trans/newline.c" />
          <item key="CC" value="gcc" />
          <item key="CCDLFLAGS" value="-fPIC" />
          <item key="CC_VERSION" value="gcc --version" />
          <item key="CC_VERSION_MESSAGE" value="gcc (Ubuntu 9.2.1-9ubuntu2) 9.2.1 20191008&#10;Copyright (C) 2019 Free Software Foundation, Inc.&#10;This is free software; see the source for copying conditions.  There is NO&#10;warranty; not even for MERCHANTABILITY or FITNESS FOR A PARTICULAR PURPOSE." />
          <item key="CFLAGS" value="-g -O2 -fdebug-prefix-map=/build/ruby2.5-FmXXMa/ruby2.5-2.5.5=. -fstack-protector-strong -Wformat -Werror=format-security -fPIC" />
          <item key="CHDIR" value="cd -P" />
          <item key="CONFIGURE" value="configure" />
          <item key="COUTFLAG" value="-o " />
          <item key="CP" value="cp" />
          <item key="CPP" value="gcc -E" />
          <item key="CPPFLAGS" value="-Wdate-time -D_FORTIFY_SOURCE=2  " />
          <item key="CPPOUTFILE" value="-o conftest.i" />
          <item key="CROSS_COMPILING" value="no" />
          <item key="CXX" value="g++" />
          <item key="CXXFLAGS" value="-g -O2 -fdebug-prefix-map=/build/ruby2.5-FmXXMa/ruby2.5-2.5.5=. -fstack-protector-strong -Wformat -Werror=format-security" />
          <item key="DLDFLAGS" value="-Wl,-Bsymbolic-functions -Wl,-z,relro -Wl,-z,now" />
          <item key="DLDLIBS" value=" -lc" />
          <item key="DLEXT" value="so" />
          <item key="DLNOBJ" value="dln.o" />
          <item key="ECHO_N" value="-n" />
          <item key="EGREP" value="/bin/grep -E" />
          <item key="ENABLE_SHARED" value="yes" />
          <item key="EXTOUT" value=".ext" />
          <item key="GCC" value="yes" />
          <item key="GIT" value="git" />
          <item key="GNU_LD" value="yes" />
          <item key="GREP" value="/bin/grep" />
          <item key="HAVE_GIT" value="no" />
          <item key="INSTALL" value="/usr/bin/install -c" />
          <item key="INSTALL_DATA" value="/usr/bin/install -c -m 644" />
          <item key="INSTALL_PROGRAM" value="/usr/bin/install -c" />
          <item key="INSTALL_SCRIPT" value="/usr/bin/install -c" />
          <item key="INSTALL_STATIC_LIBRARY" value="no" />
          <item key="LD" value="ld" />
          <item key="LDFLAGS" value="-L. -Wl,-Bsymbolic-functions -Wl,-z,relro -Wl,-z,now -fstack-protector -rdynamic -Wl,-export-dynamic" />
          <item key="LDSHARED" value="gcc -shared" />
          <item key="LDSHAREDXX" value="g++ -shared" />
          <item key="LIBEXT" value="a" />
          <item key="LIBPATHENV" value="LD_LIBRARY_PATH" />
          <item key="LIBPATHFLAG" value=" -L%s" />
          <item key="LIBRUBY" value="libruby-2.5.so.2.5.5" />
          <item key="LIBRUBYARG" value="-lruby-2.5" />
          <item key="LIBRUBYARG_SHARED" value="-lruby-2.5" />
          <item key="LIBRUBYARG_STATIC" value="-lruby-2.5-static" />
          <item key="LIBRUBY_A" value="libruby-2.5-static.a" />
          <item key="LIBRUBY_ALIASES" value="libruby-2.5.so.2.5 libruby-2.5.so" />
          <item key="LIBRUBY_RELATIVE" value="no" />
          <item key="LIBRUBY_SO" value="libruby-2.5.so.2.5.5" />
          <item key="LIBRUBY_SONAME" value="libruby-2.5.so.2.5" />
          <item key="LIBS" value="-lpthread -lgmp -ldl -lcrypt -lm " />
          <item key="LN_S" value="ln -s" />
          <item key="MAJOR" value="2" />
          <item key="MAKEDIRS" value="/bin/mkdir -p" />
          <item key="MAKEFILES" value="Makefile GNUmakefile" />
          <item key="MANTYPE" value="doc" />
          <item key="MINOR" value="5" />
          <item key="MKDIR_P" value="/bin/mkdir -p" />
          <item key="NM" value="nm" />
          <item key="NULLCMD" value=":" />
          <item key="OBJCOPY" value=":" />
          <item key="OBJDUMP" value="objdump" />
          <item key="OBJEXT" value="o" />
          <item key="OUTFLAG" value="-o " />
          <item key="PACKAGE" value="ruby" />
          <item key="PATCHLEVEL" value="157" />
          <item key="PATH_SEPARATOR" value=":" />
          <item key="POSTLINK" value=":" />
          <item key="PRELOADENV" value="LD_PRELOAD" />
          <item key="PREP" value="miniruby" />
          <item key="RANLIB" value="ranlib" />
          <item key="RI_BASE_NAME" value="ri" />
          <item key="RM" value="rm -f" />
          <item key="RMALL" value="rm -fr" />
          <item key="RMDIR" value="rmdir --ignore-fail-on-non-empty" />
          <item key="RMDIRS" value="rmdir --ignore-fail-on-non-empty -p" />
          <item key="RUBYW_BASE_NAME" value="rubyw" />
          <item key="RUBY_API_VERSION" value="2.5" />
          <item key="RUBY_BASE_NAME" value="ruby" />
          <item key="RUBY_EXEC_PREFIX" value="/usr" />
          <item key="RUBY_INSTALL_NAME" value="ruby2.5" />
          <item key="RUBY_LIB_VERSION_STYLE" value="3&#9;/* full */" />
          <item key="RUBY_PROGRAM_VERSION" value="2.5.5" />
          <item key="RUBY_SO_NAME" value="ruby-2.5" />
          <item key="RUBY_VERSION_NAME" value="ruby-2.5.0" />
          <item key="SHELL" value="/bin/bash" />
          <item key="SOEXT" value="so" />
          <item key="SOLIBS" value="-lpthread -lgmp -ldl -lcrypt -lm " />
          <item key="STRIP" value="strip -S -x" />
          <item key="TEENY" value="5" />
          <item key="TEST_RUNNABLE" value="yes" />
          <item key="THREAD_MODEL" value="pthread" />
          <item key="UNICODE_VERSION" value="10.0.0" />
          <item key="USE_RUBYGEMS" value="YES" />
          <item key="WERRORFLAG" value="-Werror" />
          <item key="arch" value="x86_64-linux-gnu" />
          <item key="archdir" value="/usr/lib/x86_64-linux-gnu/ruby/2.5.0" />
          <item key="archincludedir" value="/usr/include/x86_64-linux-gnu" />
          <item key="archlibdir" value="/usr/lib/x86_64-linux-gnu" />
          <item key="bindir" value="/usr/bin" />
          <item key="build" value="x86_64-pc-linux-gnu" />
          <item key="build_cpu" value="x86_64" />
          <item key="build_os" value="linux-gnu" />
          <item key="build_vendor" value="pc" />
          <item key="cflags" value="-O3 -ggdb3 -Wall -Wextra -Wno-unused-parameter -Wno-parentheses -Wno-long-long -Wno-missing-field-initializers -Wno-tautological-compare -Wno-parentheses-equality -Wno-constant-logical-operand -Wno-self-assign -Wunused-variable -Wimplicit-int -Wpointer-arith -Wwrite-strings -Wdeclaration-after-statement -Wimplicit-function-declaration -Wdeprecated-declarations -Wmisleading-indentation -Wno-packed-bitfield-compat -Wsuggest-attribute=noreturn -Wsuggest-attribute=format -Wimplicit-fallthrough=0 -Wduplicated-cond -Wrestrict" />
          <item key="configure_args" value=" '--prefix=/usr' '--enable-multiarch' '--target=x86_64-linux-gnu' '--program-suffix=2.5' '--with-soname=ruby-2.5' '--enable-shared' '--disable-rpath' '--with-sitedir=/usr/local/lib/site_ruby' '--with-sitearchdir=/usr/local/lib/x86_64-linux-gnu/site_ruby' '--runstatedir=/var/run' '--localstatedir=/var' '--sysconfdir=/etc' '--enable-ipv6' '--with-dbm-type=gdbm_compat' '--with-compress-debug-sections=no' 'CFLAGS=-g -O2 -fdebug-prefix-map=/build/ruby2.5-FmXXMa/ruby2.5-2.5.5=. -fstack-protector-strong -Wformat -Werror=format-security' 'CPPFLAGS=-Wdate-time -D_FORTIFY_SOURCE=2' 'CXXFLAGS=-g -O2 -fdebug-prefix-map=/build/ruby2.5-FmXXMa/ruby2.5-2.5.5=. -fstack-protector-strong -Wformat -Werror=format-security' 'FCFLAGS=-g -O2 -fdebug-prefix-map=/build/ruby2.5-FmXXMa/ruby2.5-2.5.5=. -fstack-protector-strong' 'FFLAGS=-g -O2 -fdebug-prefix-map=/build/ruby2.5-FmXXMa/ruby2.5-2.5.5=. -fstack-protector-strong' 'GCJFLAGS=-g -O2 -fdebug-prefix-map=/build/ruby2.5-FmXXMa/ruby2.5-2.5.5=. -fstack-protector-strong' 'LDFLAGS=-Wl,-Bsymbolic-functions -Wl,-z,relro -Wl,-z,now' 'OBJCFLAGS=-g -O2 -fdebug-prefix-map=/build/ruby2.5-FmXXMa/ruby2.5-2.5.5=. -fstack-protector-strong -Wformat -Werror=format-security' 'OBJCXXFLAGS=-g -O2 -fdebug-prefix-map=/build/ruby2.5-FmXXMa/ruby2.5-2.5.5=. -fstack-protector-strong -Wformat -Werror=format-security' 'target_alias=x86_64-linux-gnu'" />
          <item key="cxxflags" value="-O3 -ggdb3 -Wall -Wextra -Wno-unused-parameter -Wno-parentheses -Wno-long-long -Wno-missing-field-initializers -Wno-tautological-compare -Wno-parentheses-equality -Wno-constant-logical-operand -Wno-self-assign -Wunused-variable -Wimplicit-int -Wpointer-arith -Wwrite-strings -Wdeclaration-after-statement -Wimplicit-function-declaration -Wdeprecated-declarations -Wmisleading-indentation -Wno-packed-bitfield-compat -Wsuggest-attribute=noreturn -Wsuggest-attribute=format -Wimplicit-fallthrough=0 -Wduplicated-cond -Wrestrict" />
          <item key="datadir" value="/usr/share" />
          <item key="datarootdir" value="/usr/share" />
          <item key="debugflags" value="-ggdb3" />
          <item key="docdir" value="/usr/share/doc/ruby" />
          <item key="dvidir" value="/usr/share/doc/ruby" />
          <item key="exec" value="exec" />
          <item key="exec_prefix" value="/usr" />
          <item key="host" value="x86_64-pc-linux-gnu" />
          <item key="host_cpu" value="x86_64" />
          <item key="host_os" value="linux-gnu" />
          <item key="host_vendor" value="pc" />
          <item key="htmldir" value="/usr/share/doc/ruby" />
          <item key="includedir" value="/usr/include" />
          <item key="infodir" value="/usr/share/info" />
          <item key="libdir" value="/usr/lib" />
          <item key="libdirname" value="archlibdir" />
          <item key="libexecdir" value="/usr/libexec" />
          <item key="localedir" value="/usr/share/locale" />
          <item key="localstatedir" value="/var" />
          <item key="mandir" value="/usr/share/man" />
          <item key="oldincludedir" value="/usr/include" />
          <item key="optflags" value="-O3" />
          <item key="pdfdir" value="/usr/share/doc/ruby" />
          <item key="prefix" value="/usr" />
          <item key="program_transform_name" value="s&amp;$&amp;2.5&amp;;s&amp;^&amp;&amp;" />
          <item key="psdir" value="/usr/share/doc/ruby" />
          <item key="ridir" value="/usr/share/ri" />
          <item key="ruby_install_name" value="ruby2.5" />
          <item key="ruby_pc" value="ruby-2.5.pc" />
          <item key="ruby_version" value="2.5.0" />
          <item key="rubyarchdir" value="/usr/lib/x86_64-linux-gnu/ruby/2.5.0" />
          <item key="rubyarchhdrdir" value="/usr/include/x86_64-linux-gnu/ruby-2.5.0" />
          <item key="rubyarchprefix" value="/usr/lib/x86_64-linux-gnu/ruby" />
          <item key="rubyhdrdir" value="/usr/include/ruby-2.5.0" />
          <item key="rubylibdir" value="/usr/lib/ruby/2.5.0" />
          <item key="rubylibprefix" value="/usr/lib/ruby" />
          <item key="rubysitearchprefix" value="/usr/lib/x86_64-linux-gnu/ruby" />
          <item key="runstatedir" value="/var/run" />
          <item key="sbindir" value="/usr/sbin" />
          <item key="setup" value="Setup" />
          <item key="sharedstatedir" value="/usr/com" />
          <item key="sitearch" value="x86_64-linux-gnu" />
          <item key="sitearchdir" value="/usr/local/lib/x86_64-linux-gnu/site_ruby" />
          <item key="sitearchhdrdir" value="/usr/include/x86_64-linux-gnu/ruby-2.5.0/site_ruby" />
          <item key="sitearchincludedir" value="/usr/include/x86_64-linux-gnu" />
          <item key="sitearchlibdir" value="/usr/lib/x86_64-linux-gnu" />
          <item key="sitedir" value="/usr/local/lib/site_ruby" />
          <item key="sitehdrdir" value="/usr/include/ruby-2.5.0/site_ruby" />
          <item key="sitelibdir" value="/usr/local/lib/site_ruby/2.5.0" />
          <item key="strict_warnflags" value="-std=gnu99" />
          <item key="sysconfdir" value="/etc" />
          <item key="target" value="x86_64-pc-linux-gnu" />
          <item key="target_alias" value="x86_64-linux-gnu" />
          <item key="target_cpu" value="x86_64" />
          <item key="target_os" value="linux-gnu" />
          <item key="target_vendor" value="pc" />
          <item key="topdir" value="/usr/lib/x86_64-linux-gnu/ruby/2.5.0" />
          <item key="vendorarchdir" value="/usr/lib/x86_64-linux-gnu/ruby/vendor_ruby/2.5.0" />
          <item key="vendorarchhdrdir" value="/usr/include/x86_64-linux-gnu/ruby-2.5.0/vendor_ruby" />
          <item key="vendordir" value="/usr/lib/ruby/vendor_ruby" />
          <item key="vendorhdrdir" value="/usr/include/ruby-2.5.0/vendor_ruby" />
          <item key="vendorlibdir" value="/usr/lib/ruby/vendor_ruby/2.5.0" />
          <item key="warnflags" value="-Wall -Wextra -Wno-unused-parameter -Wno-parentheses -Wno-long-long -Wno-missing-field-initializers -Wno-tautological-compare -Wno-parentheses-equality -Wno-constant-logical-operand -Wno-self-assign -Wunused-variable -Wimplicit-int -Wpointer-arith -Wwrite-strings -Wdeclaration-after-statement -Wimplicit-function-declaration -Wdeprecated-declarations -Wmisleading-indentation -Wno-packed-bitfield-compat -Wsuggest-attribute=noreturn -Wsuggest-attribute=format -Wimplicit-fallthrough=0 -Wduplicated-cond -Wrestrict" />
        </RbConfig>
      </additional>
    </jdk>
    <jdk version="2">
      <name value="rbenv: 2.6.2" />
      <type value="RUBY_SDK" />
      <version value="ver.2.6.2p47 ( revision 67232) p47" />
      <homePath value="$USER_HOME$/.rbenv/versions/2.6.2/bin/ruby" />
      <roots>
        <classPath>
          <root type="composite">
            <root url="file://$USER_HOME$/.rbenv/versions/2.6.2/lib/ruby/site_ruby/2.6.0" type="simple" />
            <root url="file://$USER_HOME$/.rbenv/versions/2.6.2/lib/ruby/site_ruby/2.6.0/x86_64-linux" type="simple" />
            <root url="file://$USER_HOME$/.rbenv/versions/2.6.2/lib/ruby/site_ruby" type="simple" />
            <root url="file://$USER_HOME$/.rbenv/versions/2.6.2/lib/ruby/vendor_ruby/2.6.0" type="simple" />
            <root url="file://$USER_HOME$/.rbenv/versions/2.6.2/lib/ruby/vendor_ruby/2.6.0/x86_64-linux" type="simple" />
            <root url="file://$USER_HOME$/.rbenv/versions/2.6.2/lib/ruby/vendor_ruby" type="simple" />
            <root url="file://$USER_HOME$/.rbenv/versions/2.6.2/lib/ruby/2.6.0" type="simple" />
            <root url="file://$USER_HOME$/.rbenv/versions/2.6.2/lib/ruby/2.6.0/x86_64-linux" type="simple" />
            <root url="file://$APPLICATION_HOME_DIR$/plugins/ruby/rubystubs/rubystubs26" type="simple" />
          </root>
        </classPath>
        <sourcePath>
          <root type="composite">
            <root url="file://$USER_HOME$/.rbenv/versions/2.6.2/lib/ruby/site_ruby/2.6.0" type="simple" />
            <root url="file://$USER_HOME$/.rbenv/versions/2.6.2/lib/ruby/site_ruby/2.6.0/x86_64-linux" type="simple" />
            <root url="file://$USER_HOME$/.rbenv/versions/2.6.2/lib/ruby/site_ruby" type="simple" />
            <root url="file://$USER_HOME$/.rbenv/versions/2.6.2/lib/ruby/vendor_ruby/2.6.0" type="simple" />
            <root url="file://$USER_HOME$/.rbenv/versions/2.6.2/lib/ruby/vendor_ruby/2.6.0/x86_64-linux" type="simple" />
            <root url="file://$USER_HOME$/.rbenv/versions/2.6.2/lib/ruby/vendor_ruby" type="simple" />
            <root url="file://$USER_HOME$/.rbenv/versions/2.6.2/lib/ruby/2.6.0" type="simple" />
            <root url="file://$USER_HOME$/.rbenv/versions/2.6.2/lib/ruby/2.6.0/x86_64-linux" type="simple" />
            <root url="file://$APPLICATION_HOME_DIR$/plugins/ruby/rubystubs/rubystubs26" type="simple" />
          </root>
        </sourcePath>
      </roots>
      <additional NORMALIZED_VERSION_STRING="ver.2.6.2p47 ( revision 67232) p47" version="1" GEMS_BIN_DIR_PATH="$USER_HOME$/.rbenv/versions/2.6.2/bin">
        <VERSION_MANAGER ID="rbenv">
          <option name="gemset-name" />
          <distribution-id>2.6.2</distribution-id>
          <version-manager-path>$USER_HOME$/.rbenv/libexec/rbenv</version-manager-path>
        </VERSION_MANAGER>
        <RbConfig>
          <item key="AR" value="ar" />
          <item key="ARFLAGS" value="rcD " />
          <item key="AS" value="as" />
          <item key="ASMEXT" value="S" />
          <item key="BUILTIN_TRANSSRCS" value=" enc/trans/newline.c" />
          <item key="CC" value="gcc" />
          <item key="CCDLFLAGS" value="-fPIC" />
          <item key="CC_VERSION" value="gcc --version" />
          <item key="CC_VERSION_MESSAGE" value="gcc (Ubuntu 9.2.1-9ubuntu2) 9.2.1 20191008&#10;Copyright (C) 2019 Free Software Foundation, Inc.&#10;This is free software; see the source for copying conditions.  There is NO&#10;warranty; not even for MERCHANTABILITY or FITNESS FOR A PARTICULAR PURPOSE." />
          <item key="CFLAGS" value="-O3 -ggdb3 -Wall -Wextra -Wdeclaration-after-statement -Wdeprecated-declarations -Wduplicated-cond -Wimplicit-function-declaration -Wimplicit-int -Wmisleading-indentation -Wpointer-arith -Wrestrict -Wwrite-strings -Wimplicit-fallthrough=0 -Wmissing-noreturn -Wno-cast-function-type -Wno-constant-logical-operand -Wno-long-long -Wno-missing-field-initializers -Wno-overlength-strings -Wno-packed-bitfield-compat -Wno-parentheses-equality -Wno-self-assign -Wno-tautological-compare -Wno-unused-parameter -Wno-unused-value -Wsuggest-attribute=format -Wsuggest-attribute=noreturn -Wunused-variable  -fPIC" />
          <item key="CHDIR" value="cd -P" />
          <item key="CONFIGURE" value="configure" />
          <item key="COUTFLAG" value="-o " />
          <item key="CP" value="cp" />
          <item key="CPP" value="gcc -E" />
          <item key="CPPFLAGS" value="-I/home/eric/.rbenv/versions/2.6.2/include   " />
          <item key="CPPOUTFILE" value="-o conftest.i" />
          <item key="CROSS_COMPILING" value="no" />
          <item key="CXX" value="g++" />
          <item key="CXXFLAGS" value="-O3 -ggdb3 -Wall -Wextra -Wdeclaration-after-statement -Wdeprecated-declarations -Wduplicated-cond -Wimplicit-function-declaration -Wimplicit-int -Wmisleading-indentation -Wpointer-arith -Wrestrict -Wwrite-strings -Wimplicit-fallthrough=0 -Wmissing-noreturn -Wno-cast-function-type -Wno-constant-logical-operand -Wno-long-long -Wno-missing-field-initializers -Wno-overlength-strings -Wno-packed-bitfield-compat -Wno-parentheses-equality -Wno-self-assign -Wno-tautological-compare -Wno-unused-parameter -Wno-unused-value -Wsuggest-attribute=format -Wsuggest-attribute=noreturn -Wunused-variable" />
          <item key="DLDFLAGS" value="-L/home/eric/.rbenv/versions/2.6.2/lib  -Wl,--compress-debug-sections=zlib" />
          <item key="DLDLIBS" value=" -lc" />
          <item key="DLDSHARED" value="gcc -shared" />
          <item key="DLEXT" value="so" />
          <item key="DLNOBJ" value="dln.o" />
          <item key="ECHO_N" value="-n" />
          <item key="EGREP" value="/usr/bin/grep -E" />
          <item key="ENABLE_SHARED" value="yes" />
          <item key="EXTOUT" value=".ext" />
          <item key="GCC" value="yes" />
          <item key="GIT" value="git" />
          <item key="GNU_LD" value="yes" />
          <item key="GREP" value="/usr/bin/grep" />
          <item key="HAVE_GIT" value="yes" />
          <item key="INSTALL" value="/usr/bin/install -c" />
          <item key="INSTALL_DATA" value="/usr/bin/install -c -m 644" />
          <item key="INSTALL_PROGRAM" value="/usr/bin/install -c" />
          <item key="INSTALL_SCRIPT" value="/usr/bin/install -c" />
          <item key="INSTALL_STATIC_LIBRARY" value="no" />
          <item key="LD" value="ld" />
          <item key="LDFLAGS" value="-L. -L/home/eric/.rbenv/versions/2.6.2/lib  -fstack-protector-strong -rdynamic -Wl,-export-dynamic" />
          <item key="LDSHARED" value="gcc -shared" />
          <item key="LDSHAREDXX" value="g++ -shared" />
          <item key="LIBEXT" value="a" />
          <item key="LIBPATHENV" value="LD_LIBRARY_PATH" />
          <item key="LIBPATHFLAG" value=" -L%1$-s" />
          <item key="LIBRUBY" value="libruby.so.2.6.2" />
          <item key="LIBRUBYARG" value="-Wl,-rpath,/home/eric/.rbenv/versions/2.6.2/lib -L/home/eric/.rbenv/versions/2.6.2/lib -lruby" />
          <item key="LIBRUBYARG_SHARED" value="-Wl,-rpath,/home/eric/.rbenv/versions/2.6.2/lib -L/home/eric/.rbenv/versions/2.6.2/lib -lruby" />
          <item key="LIBRUBYARG_STATIC" value="-Wl,-rpath,/home/eric/.rbenv/versions/2.6.2/lib -L/home/eric/.rbenv/versions/2.6.2/lib -lruby-static -lz -lpthread -lrt -lrt -ldl -lcrypt -lm " />
          <item key="LIBRUBY_A" value="libruby-static.a" />
          <item key="LIBRUBY_ALIASES" value="libruby.so.2.6 libruby.so" />
          <item key="LIBRUBY_RELATIVE" value="no" />
          <item key="LIBRUBY_SO" value="libruby.so.2.6.2" />
          <item key="LIBRUBY_SONAME" value="libruby.so.2.6" />
          <item key="LIBS" value="-lm " />
          <item key="LN_S" value="ln -s" />
          <item key="MAINLIBS" value="-lz -lpthread -lrt -lrt -ldl -lcrypt -lm " />
          <item key="MAJOR" value="2" />
          <item key="MAKEDIRS" value="/usr/bin/mkdir -p" />
          <item key="MAKEFILES" value="Makefile GNUmakefile" />
          <item key="MANTYPE" value="doc" />
          <item key="MATHN" value="yes" />
          <item key="MINOR" value="6" />
          <item key="MJIT_SUPPORT" value="yes" />
          <item key="MKDIR_P" value="/usr/bin/mkdir -p" />
          <item key="NM" value="nm" />
          <item key="NULLCMD" value=":" />
          <item key="OBJCOPY" value=":" />
          <item key="OBJDUMP" value="objdump" />
          <item key="OBJEXT" value="o" />
          <item key="OUTFLAG" value="-o " />
          <item key="PACKAGE" value="ruby" />
          <item key="PATCHLEVEL" value="47" />
          <item key="PATH_SEPARATOR" value=":" />
          <item key="PKG_CONFIG" value="pkg-config" />
          <item key="POSTLINK" value=":" />
          <item key="PRELOADENV" value="LD_PRELOAD" />
          <item key="PREP" value="miniruby" />
          <item key="RANLIB" value="ranlib" />
          <item key="RI_BASE_NAME" value="ri" />
          <item key="RM" value="rm -f" />
          <item key="RMALL" value="rm -fr" />
          <item key="RMDIR" value="rmdir --ignore-fail-on-non-empty" />
          <item key="RMDIRS" value="rmdir --ignore-fail-on-non-empty -p" />
          <item key="RPATHFLAG" value=" -Wl,-rpath,%1$-s" />
          <item key="RUBYW_BASE_NAME" value="rubyw" />
          <item key="RUBY_API_VERSION" value="2.6" />
          <item key="RUBY_BASE_NAME" value="ruby" />
          <item key="RUBY_EXEC_PREFIX" value="$USER_HOME$/.rbenv/versions/2.6.2" />
          <item key="RUBY_INSTALL_NAME" value="ruby" />
          <item key="RUBY_LIB_VERSION_STYLE" value="3&#9;/* full */" />
          <item key="RUBY_PROGRAM_VERSION" value="2.6.2" />
          <item key="RUBY_SO_NAME" value="ruby" />
          <item key="RUBY_VERSION_NAME" value="ruby-2.6.0" />
          <item key="SHELL" value="/bin/bash" />
          <item key="SOEXT" value="so" />
          <item key="SOLIBS" value="-lz -lpthread -lrt -lrt -ldl -lcrypt -lm " />
          <item key="STRIP" value="strip -S -x" />
          <item key="TEENY" value="2" />
          <item key="TEST_RUNNABLE" value="yes" />
          <item key="THREAD_MODEL" value="pthread" />
          <item key="UNICODE_EMOJI_VERSION" value="12.0" />
          <item key="UNICODE_VERSION" value="12.0.0" />
          <item key="WERRORFLAG" value="-Werror" />
          <item key="arch" value="x86_64-linux" />
          <item key="archdir" value="$USER_HOME$/.rbenv/versions/2.6.2/lib/ruby/2.6.0/x86_64-linux" />
          <item key="archincludedir" value="$USER_HOME$/.rbenv/versions/2.6.2/include/x86_64-linux" />
          <item key="archlibdir" value="$USER_HOME$/.rbenv/versions/2.6.2/lib/x86_64-linux" />
          <item key="bindir" value="$USER_HOME$/.rbenv/versions/2.6.2/bin" />
          <item key="build" value="x86_64-pc-linux-gnu" />
          <item key="build_cpu" value="x86_64" />
          <item key="build_os" value="linux-gnu" />
          <item key="build_vendor" value="pc" />
          <item key="cflags" value="-O3 -ggdb3 -Wall -Wextra -Wdeclaration-after-statement -Wdeprecated-declarations -Wduplicated-cond -Wimplicit-function-declaration -Wimplicit-int -Wmisleading-indentation -Wpointer-arith -Wrestrict -Wwrite-strings -Wimplicit-fallthrough=0 -Wmissing-noreturn -Wno-cast-function-type -Wno-constant-logical-operand -Wno-long-long -Wno-missing-field-initializers -Wno-overlength-strings -Wno-packed-bitfield-compat -Wno-parentheses-equality -Wno-self-assign -Wno-tautological-compare -Wno-unused-parameter -Wno-unused-value -Wsuggest-attribute=format -Wsuggest-attribute=noreturn -Wunused-variable" />
          <item key="configure_args" value=" '--prefix=/home/eric/.rbenv/versions/2.6.2' '--enable-shared' '--with-readline-dir=/home/linuxbrew/.linuxbrew/opt/readline' 'LDFLAGS=-L/home/eric/.rbenv/versions/2.6.2/lib ' 'CPPFLAGS=-I/home/eric/.rbenv/versions/2.6.2/include '" />
          <item key="cxxflags" value="-O3 -ggdb3 -Wall -Wextra -Wdeclaration-after-statement -Wdeprecated-declarations -Wduplicated-cond -Wimplicit-function-declaration -Wimplicit-int -Wmisleading-indentation -Wpointer-arith -Wrestrict -Wwrite-strings -Wimplicit-fallthrough=0 -Wmissing-noreturn -Wno-cast-function-type -Wno-constant-logical-operand -Wno-long-long -Wno-missing-field-initializers -Wno-overlength-strings -Wno-packed-bitfield-compat -Wno-parentheses-equality -Wno-self-assign -Wno-tautological-compare -Wno-unused-parameter -Wno-unused-value -Wsuggest-attribute=format -Wsuggest-attribute=noreturn -Wunused-variable" />
          <item key="datadir" value="$USER_HOME$/.rbenv/versions/2.6.2/share" />
          <item key="datarootdir" value="$USER_HOME$/.rbenv/versions/2.6.2/share" />
          <item key="debugflags" value="-ggdb3" />
          <item key="docdir" value="$USER_HOME$/.rbenv/versions/2.6.2/share/doc/ruby" />
          <item key="dvidir" value="$USER_HOME$/.rbenv/versions/2.6.2/share/doc/ruby" />
          <item key="exec" value="exec" />
          <item key="exec_prefix" value="$USER_HOME$/.rbenv/versions/2.6.2" />
          <item key="host" value="x86_64-pc-linux-gnu" />
          <item key="host_cpu" value="x86_64" />
          <item key="host_os" value="linux-gnu" />
          <item key="host_vendor" value="pc" />
          <item key="htmldir" value="$USER_HOME$/.rbenv/versions/2.6.2/share/doc/ruby" />
          <item key="includedir" value="$USER_HOME$/.rbenv/versions/2.6.2/include" />
          <item key="infodir" value="$USER_HOME$/.rbenv/versions/2.6.2/share/info" />
          <item key="libdir" value="$USER_HOME$/.rbenv/versions/2.6.2/lib" />
          <item key="libdirname" value="libdir" />
          <item key="libexecdir" value="$USER_HOME$/.rbenv/versions/2.6.2/libexec" />
          <item key="localedir" value="$USER_HOME$/.rbenv/versions/2.6.2/share/locale" />
          <item key="localstatedir" value="$USER_HOME$/.rbenv/versions/2.6.2/var" />
          <item key="mandir" value="$USER_HOME$/.rbenv/versions/2.6.2/share/man" />
          <item key="oldincludedir" value="/usr/include" />
          <item key="optflags" value="-O3" />
          <item key="pdfdir" value="$USER_HOME$/.rbenv/versions/2.6.2/share/doc/ruby" />
          <item key="prefix" value="$USER_HOME$/.rbenv/versions/2.6.2" />
          <item key="psdir" value="$USER_HOME$/.rbenv/versions/2.6.2/share/doc/ruby" />
          <item key="ridir" value="$USER_HOME$/.rbenv/versions/2.6.2/share/ri" />
          <item key="ruby_install_name" value="ruby" />
          <item key="ruby_pc" value="ruby-2.6.pc" />
          <item key="ruby_version" value="2.6.0" />
          <item key="rubyarchdir" value="$USER_HOME$/.rbenv/versions/2.6.2/lib/ruby/2.6.0/x86_64-linux" />
          <item key="rubyarchhdrdir" value="$USER_HOME$/.rbenv/versions/2.6.2/include/ruby-2.6.0/x86_64-linux" />
          <item key="rubyarchprefix" value="$USER_HOME$/.rbenv/versions/2.6.2/lib/ruby/x86_64-linux" />
          <item key="rubyhdrdir" value="$USER_HOME$/.rbenv/versions/2.6.2/include/ruby-2.6.0" />
          <item key="rubylibdir" value="$USER_HOME$/.rbenv/versions/2.6.2/lib/ruby/2.6.0" />
          <item key="rubylibprefix" value="$USER_HOME$/.rbenv/versions/2.6.2/lib/ruby" />
          <item key="rubysitearchprefix" value="$USER_HOME$/.rbenv/versions/2.6.2/lib/ruby/x86_64-linux" />
          <item key="sbindir" value="$USER_HOME$/.rbenv/versions/2.6.2/sbin" />
          <item key="setup" value="Setup" />
          <item key="sharedstatedir" value="$USER_HOME$/.rbenv/versions/2.6.2/com" />
          <item key="sitearch" value="x86_64-linux" />
          <item key="sitearchdir" value="$USER_HOME$/.rbenv/versions/2.6.2/lib/ruby/site_ruby/2.6.0/x86_64-linux" />
          <item key="sitearchhdrdir" value="$USER_HOME$/.rbenv/versions/2.6.2/include/ruby-2.6.0/site_ruby/x86_64-linux" />
          <item key="sitearchincludedir" value="$USER_HOME$/.rbenv/versions/2.6.2/include/x86_64-linux" />
          <item key="sitearchlibdir" value="$USER_HOME$/.rbenv/versions/2.6.2/lib/x86_64-linux" />
          <item key="sitedir" value="$USER_HOME$/.rbenv/versions/2.6.2/lib/ruby/site_ruby" />
          <item key="sitehdrdir" value="$USER_HOME$/.rbenv/versions/2.6.2/include/ruby-2.6.0/site_ruby" />
          <item key="sitelibdir" value="$USER_HOME$/.rbenv/versions/2.6.2/lib/ruby/site_ruby/2.6.0" />
          <item key="strict_warnflags" value="-std=gnu99" />
          <item key="sysconfdir" value="$USER_HOME$/.rbenv/versions/2.6.2/etc" />
          <item key="target" value="x86_64-pc-linux-gnu" />
          <item key="target_cpu" value="x86_64" />
          <item key="target_os" value="linux" />
          <item key="target_vendor" value="pc" />
          <item key="topdir" value="$USER_HOME$/.rbenv/versions/2.6.2/lib/ruby/2.6.0/x86_64-linux" />
          <item key="vendorarchdir" value="$USER_HOME$/.rbenv/versions/2.6.2/lib/ruby/vendor_ruby/2.6.0/x86_64-linux" />
          <item key="vendorarchhdrdir" value="$USER_HOME$/.rbenv/versions/2.6.2/include/ruby-2.6.0/vendor_ruby/x86_64-linux" />
          <item key="vendordir" value="$USER_HOME$/.rbenv/versions/2.6.2/lib/ruby/vendor_ruby" />
          <item key="vendorhdrdir" value="$USER_HOME$/.rbenv/versions/2.6.2/include/ruby-2.6.0/vendor_ruby" />
          <item key="vendorlibdir" value="$USER_HOME$/.rbenv/versions/2.6.2/lib/ruby/vendor_ruby/2.6.0" />
          <item key="warnflags" value="-Wall -Wextra -Wdeclaration-after-statement -Wdeprecated-declarations -Wduplicated-cond -Wimplicit-function-declaration -Wimplicit-int -Wmisleading-indentation -Wpointer-arith -Wrestrict -Wwrite-strings -Wimplicit-fallthrough=0 -Wmissing-noreturn -Wno-cast-function-type -Wno-constant-logical-operand -Wno-long-long -Wno-missing-field-initializers -Wno-overlength-strings -Wno-packed-bitfield-compat -Wno-parentheses-equality -Wno-self-assign -Wno-tautological-compare -Wno-unused-parameter -Wno-unused-value -Wsuggest-attribute=format -Wsuggest-attribute=noreturn -Wunused-variable" />
        </RbConfig>
      </additional>
    </jdk>
  </component>
</application>