<application>
  <component name="VimEditorSettings">
    <editor />
  </component>
  <component name="VimHistorySettings">
    <history>
      <history-search>
        <entry>params_address</entry>
        <entry>address</entry>
        <entry>Wallet</entry>
        <entry>action</entry>
        <entry>fds</entry>
        <entry>withdraw</entry>
        <entry>deposit:</entry>
        <entry>withdraw:</entry>
        <entry>fund_source</entry>
        <entry>fds_id</entry>
        <entry>deposit</entry>
        <entry>uuid</entry>
        <entry>from_addresses</entry>
        <entry>other_member</entry>
        <entry>signin</entry>
        <entry>휴면</entry>
        <entry>내부</entry>
        <entry>transaction_type</entry>
        <entry>get</entry>
        <entry>current_user</entry>
      </history-search>
      <history-cmd>
        <entry>s</entry>
        <entry>PlugInstall</entry>
        <entry>W</entry>
        <entry>w</entry>
      </history-cmd>
      <history-expr />
      <history-input />
    </history>
  </component>
  <component name="VimKeySettings">
    <shortcut-conflicts>
      <shortcut-conflict owner="vim">
        <text>ctrl pressed C</text>
      </shortcut-conflict>
      <shortcut-conflict owner="vim">
        <text>ctrl pressed X</text>
      </shortcut-conflict>
      <shortcut-conflict owner="vim">
        <text>ctrl pressed V</text>
      </shortcut-conflict>
      <shortcut-conflict owner="vim">
        <text>ctrl pressed S</text>
      </shortcut-conflict>
      <shortcut-conflict owner="vim">
        <text>ctrl pressed L</text>
      </shortcut-conflict>
      <shortcut-conflict owner="vim">
        <text>ctrl pressed F</text>
      </shortcut-conflict>
      <shortcut-conflict owner="vim">
        <text>ctrl pressed D</text>
      </shortcut-conflict>
      <shortcut-conflict owner="vim">
        <text>ctrl pressed B</text>
      </shortcut-conflict>
      <shortcut-conflict owner="vim">
        <text>ctrl pressed T</text>
      </shortcut-conflict>
      <shortcut-conflict owner="vim">
        <text>ctrl pressed M</text>
      </shortcut-conflict>
      <shortcut-conflict owner="vim">
        <text>shift pressed TAB</text>
      </shortcut-conflict>
    </shortcut-conflicts>
  </component>
  <component name="VimMarksSettings">
    <globalmarks />
    <filemarks>
      <file name="$USER_HOME$/ccx/app/api/v1/certifications/identity.rb" timestamp="1589975467337">
        <mark key="'" line="30" column="31" />
      </file>
      <file name="/Ruby Console" timestamp="1590125123755">
        <mark key="[" line="0" column="1" />
        <mark key="]" line="0" column="59" />
        <mark key="." line="0" column="59" />
      </file>
      <file name="$USER_HOME$/ccx/app/api/v1/mount.rb" timestamp="1590113771630" />
      <file name="$USER_HOME$/cream/app/models/reward_supply.rb" timestamp="1590126694967" />
      <file name="$APPLICATION_HOME_DIR$/plugins/ruby/rubystubs/rubystubs26/object.rb" timestamp="1590114792313" />
      <file name="$USER_HOME$/cream/app/jobs/schedule/make_reward_and_supply_worker.rb" timestamp="1590126258111" />
      <file name="$USER_HOME$/cream/app/models/reward.rb" timestamp="1590126559199" />
      <file name="$USER_HOME$/ccx/spec/api/v1/depositz/krw_spec.rb" timestamp="1590114145849">
        <mark key="[" line="4" column="0" />
        <mark key="]" line="4" column="51" />
      </file>
      <file name="$USER_HOME$/cream/app/services/rewarding.rb" timestamp="1590126588168" />
      <file name="$USER_HOME$/ccx/app/api/v1/depositz/reward.rb" timestamp="1590130271727">
        <mark key="[" line="15" column="71" />
        <mark key="]" line="14" column="149" />
        <mark key="." line="14" column="148" />
        <mark key="^" line="14" column="149" />
      </file>
      <file name="$USER_HOME$/cream/lib/tasks/job.rake" timestamp="1590126343093">
        <mark key="[" line="26" column="14" />
        <mark key="]" line="26" column="29" />
        <mark key="." line="26" column="14" />
        <mark key="^" line="26" column="33" />
      </file>
      <file name="$USER_HOME$/ccx/spec/api/v1/depositz/reward_spec.rb" timestamp="1590131511921">
        <mark key="[" line="25" column="9" />
        <mark key="]" line="25" column="9" />
        <mark key="." line="25" column="9" />
        <mark key="^" line="26" column="28" />
      </file>
      <file name="$USER_HOME$/cream/lib/daemons/sync_subscriber.rb" timestamp="1590126493311" />
      <file name="$USER_HOME$/cream/app/jobs/schedule/supply_reward_job.rb" timestamp="1590127201347">
        <mark key="[" line="3" column="8" />
        <mark key="]" line="3" column="22" />
      </file>
      <file name="/mount.rb" timestamp="1590113934122" />
      <file name="$USER_HOME$/cream/spec/jobs/schedule/supply_reward_job_spec.rb" timestamp="1590113245568">
        <mark key="[" line="24" column="98" />
        <mark key="]" line="24" column="98" />
        <mark key="^" line="24" column="98" />
        <mark key="." line="24" column="97" />
      </file>
      <file name="$USER_HOME$/ccx/spec/models/concerns/model_syncable_spec.rb" timestamp="1590130335977">
        <mark key="[" line="48" column="0" />
        <mark key="]" line="48" column="0" />
        <mark key="." line="48" column="0" />
      </file>
      <file name="$USER_HOME$/ccx/spec/lib/go_between/chandlers/member_setting_chandler_spec.rb" timestamp="1590113225313" />
      <file name="$USER_HOME$/ccx/app/models/deposit.rb" timestamp="1590125254693" />
    </filemarks>
    <jumps>
      <jump line="20" column="0" filename="$USER_HOME$/.rbenv/versions/2.6.2/lib/ruby/gems/2.6.0/gems/activeadmin-1.4.0/lib/active_admin/resource_controller/data_access.rb" />
      <jump line="28" column="2" filename="$USER_HOME$/ccx/app/models/fund_source.rb" />
      <jump line="43" column="23" filename="$USER_HOME$/ccx/app/models/fund_source.rb" />
      <jump line="88" column="13" filename="$USER_HOME$/ccx/app/models/fund_source.rb" />
      <jump line="52" column="13" filename="$USER_HOME$/ccx/app/models/fund_source.rb" />
      <jump line="60" column="6" filename="$USER_HOME$/ccx/app/models/fund_source.rb" />
      <jump line="64" column="6" filename="$USER_HOME$/ccx/app/models/fund_source.rb" />
      <jump line="72" column="6" filename="$USER_HOME$/ccx/app/models/fund_source.rb" />
      <jump line="68" column="6" filename="$USER_HOME$/ccx/app/models/fund_source.rb" />
      <jump line="127" column="36" filename="$USER_HOME$/ccx/app/api/v1/withdrawz/coin.rb" />
      <jump line="220" column="8" filename="$USER_HOME$/ccx/spec/api/v1/withdrawz/coin_spec.rb" />
      <jump line="18" column="17" filename="$USER_HOME$/ccx/app/models/deposit.rb" />
      <jump line="330" column="0" filename="$USER_HOME$/ccx/app/models/deposit.rb" />
      <jump line="0" column="0" filename="$USER_HOME$/ccx/app/models/deposit.rb" />
      <jump line="199" column="0" filename="$USER_HOME$/ccx/spec/api/v1/withdrawz/coin_spec.rb" />
      <jump line="240" column="38" filename="$USER_HOME$/ccx/spec/api/v1/withdrawz/coin_spec.rb" />
      <jump line="253" column="0" filename="$USER_HOME$/ccx/spec/api/v1/withdrawz/coin_spec.rb" />
      <jump line="114" column="6" filename="$USER_HOME$/ccx/spec/api/v1/withdrawz/coin_spec.rb" />
      <jump line="85" column="0" filename="$USER_HOME$/ccx/app/models/withdraw.rb" />
      <jump line="411" column="6" filename="$USER_HOME$/ccx/app/models/withdraw.rb" />
      <jump line="4" column="44" filename="$USER_HOME$/ccx/spec/models/concerns/withdraws/fds_auditable_spec.rb" />
      <jump line="56" column="16" filename="$USER_HOME$/ccx/config/locales/admin.ko.yml" />
      <jump line="86" column="0" filename="$USER_HOME$/ccx/config/locales/admin.ko.yml" />
      <jump line="650" column="6" filename="$USER_HOME$/ccx/config/locales/admin.en.yml" />
      <jump line="13" column="36" filename="$USER_HOME$/ccx/app/admin/member/account.rb" />
      <jump line="42" column="6" filename="$USER_HOME$/ccx/spec/models/concerns/deposits/fds_auditable_spec.rb" />
      <jump line="37" column="19" filename="$USER_HOME$/ccx/app/models/deposit.rb" />
      <jump line="47" column="17" filename="$USER_HOME$/ccx/config/locales/admin.ko.yml" />
      <jump line="41" column="0" filename="$USER_HOME$/ccx/config/locales/admin.ko.yml" />
      <jump line="97" column="54" filename="$USER_HOME$/ccx/app/admin/withdraw/withdraw.rb" />
      <jump line="590" column="47" filename="$USER_HOME$/ccx/config/locales/admin.ko.yml" />
      <jump line="800" column="8" filename="$USER_HOME$/ccx/config/locales/admin.ko.yml" />
      <jump line="162" column="4" filename="$USER_HOME$/ccx/config/locales/admin.ko.yml" />
      <jump line="241" column="10" filename="$USER_HOME$/ccx/spec/api/v1/withdrawz/coin_spec.rb" />
      <jump line="11" column="0" filename="$USER_HOME$/ccx/spec/models/concerns/deposits/fds_auditable_spec.rb" />
      <jump line="6" column="13" filename="$USER_HOME$/ccx/spec/models/concerns/deposits/fds_auditable_spec.rb" />
      <jump line="132" column="33" filename="$USER_HOME$/ccx/app/models/deposit.rb" />
      <jump line="8" column="102" filename="$USER_HOME$/ccx/spec/models/concerns/withdraws/fds_auditable_spec.rb" />
      <jump line="30" column="32" filename="$USER_HOME$/ccx/spec/api/v1/withdraws_spec.rb" />
      <jump line="32" column="12" filename="$USER_HOME$/ccx/app/api/v1/signin.rb" />
      <jump line="25" column="0" filename="$USER_HOME$/ccx/app/api/v1/signin.rb" />
      <jump line="500" column="47" filename="$USER_HOME$/ccx/spec/api/v1/withdrawz/coin_spec.rb" />
      <jump line="111" column="31" filename="$USER_HOME$/ccx/app/api/v1/withdrawz/coin.rb" />
      <jump line="30" column="31" filename="$USER_HOME$/ccx/app/api/v1/certifications/identity.rb" />
    </jumps>
  </component>
  <component name="VimRegisterSettings">
    <registers>
      <register name="&quot;" type="4">
        <text encoding="base64">CiAgICAgIHB1dHMgMTExMTExMTExMTExMTE=</text>
      </register>
      <register name="-" type="4">
        <text>instance_variable_get(</text>
      </register>
      <register name="/" type="4">
        <text>current_user</text>
      </register>
      <register name="0" type="2">
        <text encoding="base64">ICAgICAgICBkZXBvc2l0MS51cGRhdGUhIGNyZWF0ZWRfYXQ6IDAuZGF5cy5hZ28sIGFhc21fc3RhdGU6IDpzdWJtaXR0ZWQK</text>
      </register>
      <register name="1" type="4">
        <text encoding="base64">CiAgICAgIHB1dHMgMTExMTExMTExMTExMTE=</text>
      </register>
      <register name="2" type="2">
        <text encoding="base64">ICAgICAgICAuYW5kIG5vdF9jaGFuZ2UgeyA6OkRlcG9zaXRzOjpSZXdhcmRzOjpSZWZlcnJhbC5jb3VudCB9LmZyb20oNSkK</text>
      </register>
      <register name="3" type="2">
        <text encoding="base64">ICAgICAgICBkZXBvc2l0MS51cGRhdGUhIGNyZWF0ZWRfYXQ6IDAuZGF5cy5hZ28sIGFhc21fc3RhdGU6IDpzdWJtaXR0ZWQK</text>
      </register>
      <register name="4" type="2">
        <text encoding="base64">ICAgICAgZW5kCg==</text>
      </register>
      <register name="5" type="2">
        <text encoding="base64">ICAgICAgKDAuLjQpLmVhY2ggZG8gfGl8Cg==</text>
      </register>
      <register name="6" type="4">
        <text>(0..4).each do |i|
        be_instance_of(&quot;deposit#{i+1}&quot;.constantize).update! created_at: i.days.ago, aasm_state: :submitted
      end</text>
      </register>
      <register name="7" type="2">
        <text encoding="base64">ICAgICAgICBwdXRzIDAuZGF5cy5hZ28K</text>
      </register>
      <register name="8" type="2">
        <text encoding="base64">ICAgIGVuZAo=</text>
      </register>
      <register name="9" type="2">
        <text encoding="base64">ICAgICAgZGVwb3NpdDUudXBkYXRlISBjcmVhdGVkX2F0OiAzNS5kYXlzLmFnbywgYWFzbV9zdGF0ZTogOnN1Ym1pdHRlZAo=</text>
      </register>
      <register name=":" type="4">
        <text>w</text>
      </register>
    </registers>
  </component>
  <component name="VimSearchSettings">
    <search>
      <last-search>current_user</last-search>
      <last-offset />
      <last-pattern>current_user</last-pattern>
      <last-dir>1</last-dir>
      <show-last>false</show-last>
    </search>
  </component>
  <component name="VimSettings">
    <state version="6" enabled="true" />
    <notifications>
      <idea-join enabled="true" />
      <idea-put enabled="false" />
    </notifications>
  </component>
</application>